{
  "train_loss": [
    1.345934611187992,
    0.7172869126589594,
    0.509403064305299,
    0.4117201175207866,
    0.33598228754706394,
    0.2898324318161293,
    0.23376208335363197,
    0.18478629464950375,
    0.15924854821726928,
    0.13120825483577897,
    0.10801833849664243,
    0.10311627189226527,
    0.08684350169153031,
    0.08057723582727411,
    0.08133539131906249,
    0.0692644883555464,
    0.06772965667924247,
    0.06486772526875001,
    0.06946846481024742,
    0.06454448039268756
  ],
  "train_acc": [
    0.6370918052988294,
    0.8022181146025879,
    0.8324091189155884,
    0.8712261244608749,
    0.8903265557609366,
    0.9081947011706716,
    0.9359211337030191,
    0.9482439926062847,
    0.9562538508934073,
    0.9648798521256932,
    0.9753542821934689,
    0.9722735674676525,
    0.977818853974122,
    0.9852125693160814,
    0.9839802834257547,
    0.9833641404805915,
    0.9852125693160814,
    0.9864448552064079,
    0.982131854590265,
    0.9852125693160814
  ],
  "val_loss": [
    0.8295665441774854,
    0.6022036700856452,
    0.4785941032802357,
    0.42132432291320726,
    0.36473705926362204,
    0.3256663382053375,
    0.26925239054595723,
    0.25172668929193537,
    0.23373484377767526,
    0.22364463189653322,
    0.21170062323411307,
    0.2052704552371128,
    0.19902092802758312,
    0.19036604873105592,
    0.18331029251510023,
    0.1834437284691661,
    0.1762528391737564,
    0.18013377034781025,
    0.1834705670674642,
    0.18257665707200182
  ],
  "val_acc": [
    0.7745098039215687,
    0.7965686274509803,
    0.8235294117647058,
    0.8480392156862745,
    0.8700980392156863,
    0.8921568627450981,
    0.9019607843137255,
    0.9068627450980392,
    0.9240196078431373,
    0.9240196078431373,
    0.9264705882352942,
    0.928921568627451,
    0.9313725490196079,
    0.9387254901960784,
    0.9387254901960784,
    0.9387254901960784,
    0.9411764705882353,
    0.9411764705882353,
    0.9411764705882353,
    0.9387254901960784
  ]
}