{
  "train_loss": [
    0.007787485417045121,
    0.011861630267729717,
    0.010794330204038747,
    0.009522441524812686,
    0.009120067000123007,
    0.010070851935472871,
    0.009077123859232025,
    0.008569193306445544,
    0.010138589502312244,
    0.013479292294941842,
    0.01092154928549592
  ],
  "train_acc": [
    0.9971428571428571,
    0.99625,
    0.99625,
    0.9971428571428571,
    0.9969642857142857,
    0.9973214285714286,
    0.9973214285714286,
    0.9985714285714286,
    0.9969642857142857,
    0.9946428571428572,
    0.9969642857142857
  ],
  "val_loss": [
    0.3107934321952052,
    0.3157561948703369,
    0.30173585906450173,
    0.3244105696858605,
    0.32360303386696615,
    0.3025039618619485,
    0.3521415221400093,
    0.32614126146159833,
    0.3512335518912005,
    0.3424094186964794,
    0.349376539302757
  ],
  "val_acc": [
    0.954375,
    0.954375,
    0.955625,
    0.955,
    0.955,
    0.958125,
    0.951875,
    0.95375,
    0.955,
    0.953125,
    0.955
  ]
}